"CBSA","CSA","Type","Name"
"10020","318","Micro","Abbeville, LA"
"10100",,"Micro","Aberdeen, SD"
"10140",,"Micro","Aberdeen, WA"
"10180",,"Metro","Abilene, TX"
"10220",,"Micro","Ada, OK"
"10260",,"Micro","Adjuntas, PR"
"10300",,"Micro","Adrian, MI"
"10380",,"Metro","Aguadilla-Isabela-San Sebastian, PR"
"10420","184","Metro","Akron, OH"
"10460",,"Micro","Alamogordo, NM"
"10500",,"Metro","Albany, GA"
"10540","102","Micro","Albany-Lebanon, OR"
"10580","104","Metro","Albany-Schenectady-Troy, NY"
"10620","172","Micro","Albemarle, NC"
"10660",,"Micro","Albert Lea, MN"
"10700",,"Micro","Albertville, AL"
"10740",,"Metro","Albuquerque, NM"
"10760","388","Micro","Alexander City, AL"
"10780",,"Metro","Alexandria, LA"
"10820",,"Micro","Alexandria, MN"
"10860",,"Micro","Alice, TX"
"10880","266","Micro","Allegan, MI"
"10900",,"Metro","Allentown-Bethlehem-Easton, PA-NJ"
"10940",,"Micro","Alma, MI"
"10980",,"Micro","Alpena, MI"
"11020",,"Metro","Altoona, PA"
"11060",,"Micro","Altus, OK"
"11100",,"Metro","Amarillo, TX"
"11140",,"Micro","Americus, GA"
"11180","112","Metro","Ames, IA"
"11220","104","Micro","Amsterdam, NY"
"11260",,"Metro","Anchorage, AK"
"11300","294","Metro","Anderson, IN"
"11340","273","Metro","Anderson, SC"
"11380",,"Micro","Andrews, TX"
"11420","258","Micro","Angola, IN"
"11460","220","Metro","Ann Arbor, MI"
"11500",,"Metro","Anniston-Oxford, AL"
"11540","118","Metro","Appleton, WI"
"11580",,"Micro","Arcadia, FL"
"11620",,"Micro","Ardmore, OK"
"11660",,"Micro","Arkadelphia, AR"
"11700","120","Metro","Asheville, NC"
"11740",,"Micro","Ashland, OH"
"11780","184","Micro","Ashtabula, OH"
"11820",,"Micro","Astoria, OR"
"11860","312","Micro","Atchison, KS"
"11900",,"Micro","Athens, OH"
"11940","174","Micro","Athens, TN"
"11980","206","Micro","Athens, TX"
"12020",,"Metro","Athens-Clarke County, GA"
"12060","122","Metro","Atlanta-Sandy Springs-Marietta, GA"
"12100",,"Metro","Atlantic City-Hammonton, NJ"
"12140","258","Micro","Auburn, IN"
"12180","532","Micro","Auburn, NY"
"12220","194","Metro","Auburn-Opelika, AL"
"12260",,"Metro","Augusta-Richmond County, GA-SC"
"12300",,"Micro","Augusta-Waterville, ME"
"12380",,"Micro","Austin, MN"
"12420",,"Metro","Austin-Round Rock-San Marcos, TX"
"12460",,"Micro","Bainbridge, GA"
"12540",,"Metro","Bakersfield-Delano, CA"
"12580","548","Metro","Baltimore-Towson, MD"
"12620",,"Metro","Bangor, ME"
"12660","358","Micro","Baraboo, WI"
"12700",,"Metro","Barnstable Town, MA"
"12740",,"Micro","Barre, VT"
"12780","538","Micro","Bartlesville, OK"
"12820","384","Micro","Bastrop, LA"
"12860","464","Micro","Batavia, NY"
"12900",,"Micro","Batesville, AR"
"12940","132","Metro","Baton Rouge, LA"
"12980",,"Metro","Battle Creek, MI"
"13020","474","Metro","Bay City, MI"
"13060","288","Micro","Bay City, TX"
"13100",,"Micro","Beatrice, NE"
"13140",,"Metro","Beaumont-Port Arthur, TX"
"13180","252","Micro","Beaver Dam, WI"
"13220","138","Micro","Beckley, WV"
"13260",,"Micro","Bedford, IN"
"13300",,"Micro","Beeville, TX"
"13340",,"Micro","Bellefontaine, OH"
"13380",,"Metro","Bellingham, WA"
"13420",,"Micro","Bemidji, MN"
"13460","140","Metro","Bend, OR"
"13500",,"Micro","Bennettsville, SC"
"13540",,"Micro","Bennington, VT"
"13620",,"Micro","Berlin, NH-VT"
"13644",,"Div","Bethesda-Rockville-Frederick, MD"
"13660",,"Micro","Big Rapids, MI"
"13700",,"Micro","Big Spring, TX"
"13740",,"Metro","Billings, MT"
"13780",,"Metro","Binghamton, NY"
"13820","142","Metro","Birmingham-Hoover, AL"
"13860",,"Micro","Bishop, CA"
"13900",,"Metro","Bismarck, ND"
"13940","292","Micro","Blackfoot, ID"
"13980",,"Metro","Blacksburg-Christiansburg-Radford, VA"
"14020",,"Metro","Bloomington, IN"
"14060",,"Metro","Bloomington-Normal, IL"
"14100",,"Micro","Bloomsburg-Berwick, PA"
"14140",,"Micro","Bluefield, WV-VA"
"14180",,"Micro","Blytheville, AR"
"14220","406","Micro","Bogalusa, LA"
"14260",,"Metro","Boise City-Nampa, ID"
"14300","206","Micro","Bonham, TX"
"14340","112","Micro","Boone, IA"
"14380",,"Micro","Boone, NC"
"14420",,"Micro","Borger, TX"
"14460","148","Metro","Boston-Cambridge-Quincy, MA-NH"
"14484",,"Div","Boston-Quincy, MA"
"14500","216","Metro","Boulder, CO"
"14540",,"Metro","Bowling Green, KY"
"14580",,"Micro","Bozeman, MT"
"14620",,"Micro","Bradford, PA"
"14660",,"Micro","Brainerd, MN"
"14700",,"Micro","Branson, MO"
"14740","500","Metro","Bremerton-Silverdale, WA"
"14780",,"Micro","Brenham, TX"
"14820","120","Micro","Brevard, NC"
"14860","408","Metro","Bridgeport-Stamford-Norwalk, CT"
"14940","482","Micro","Brigham City, UT"
"15020",,"Micro","Brookhaven, MS"
"15060",,"Micro","Brookings, OR"
"15100",,"Micro","Brookings, SD"
"15140",,"Micro","Brownsville, TN"
"15180","154","Metro","Brownsville-Harlingen, TX"
"15220",,"Micro","Brownwood, TX"
"15260",,"Metro","Brunswick, GA"
"15340","360","Micro","Bucyrus, OH"
"15380","160","Metro","Buffalo-Niagara Falls, NY"
"15420",,"Micro","Burley, ID"
"15460",,"Micro","Burlington, IA-IL"
"15500","268","Metro","Burlington, NC"
"15540",,"Metro","Burlington-South Burlington, VT"
"15580",,"Micro","Butte-Silver Bow, MT"
"15620",,"Micro","Cadillac, MI"
"15660",,"Micro","Calhoun, GA"
"15700",,"Micro","Cambridge, MD"
"15740",,"Micro","Cambridge, OH"
"15764",,"Div","Cambridge-Newton-Framingham, MA"
"15780",,"Micro","Camden, AR"
"15804",,"Div","Camden, NJ"
"15820",,"Micro","Campbellsville, KY"
"15860",,"Micro","Canon City, CO"
"15900","426","Micro","Canton, IL"
"15940",,"Metro","Canton-Massillon, OH"
"15980",,"Metro","Cape Coral-Fort Myers, FL"
"16020","164","Metro","Cape Girardeau-Jackson, MO-IL"
"16060","166","Micro","Carbondale, IL"
"16100",,"Micro","Carlsbad-Artesia, NM"
"16180",,"Metro","Carson City, NV"
"16220",,"Metro","Casper, WY"
"16260",,"Micro","Cedar City, UT"
"16300",,"Metro","Cedar Rapids, IA"
"16340","122","Micro","Cedartown, GA"
"16380",,"Micro","Celina, OH"
"16420",,"Micro","Central City, KY"
"16460",,"Micro","Centralia, IL"
"16500",,"Micro","Centralia, WA"
"16540",,"Micro","Chambersburg, PA"
"16580",,"Metro","Champaign-Urbana, IL"
"16620",,"Metro","Charleston, WV"
"16660",,"Micro","Charleston-Mattoon, IL"
"16700",,"Metro","Charleston-North Charleston-Summerville, SC"
"16740","172","Metro","Charlotte-Gastonia-Rock Hill, NC-SC"
"16820",,"Metro","Charlottesville, VA"
"16860","174","Metro","Chattanooga, TN-GA"
"16900","172","Micro","Chester, SC"
"16940",,"Metro","Cheyenne, WY"
"16974",,"Div","Chicago-Joliet-Naperville, IL"
"16980","176","Metro","Chicago-Joliet-Naperville, IL-IN-WI"
"17020",,"Metro","Chico, CA"
"17060","198","Micro","Chillicothe, OH"
"17140","178","Metro","Cincinnati-Middletown, OH-KY-IN"
"17200","180","Micro","Claremont, NH"
"17220","242","Micro","Clarksburg, WV"
"17260",,"Micro","Clarksdale, MS"
"17300",,"Metro","Clarksville, TN-KY"
"17340",,"Micro","Clearlake, CA"
"17380",,"Micro","Cleveland, MS"
"17420","174","Metro","Cleveland, TN"
"17460","184","Metro","Cleveland-Elyria-Mentor, OH"
"17500",,"Micro","Clewiston, FL"
"17540",,"Micro","Clinton, IA"
"17580","188","Micro","Clovis, NM"
"17620","434","Micro","Coamo, PR"
"17660",,"Metro","Coeur d'Alene, ID"
"17700",,"Micro","Coffeyville, KS"
"17740",,"Micro","Coldwater, MI"
"17780",,"Metro","College Station-Bryan, TX"
"17820",,"Metro","Colorado Springs, CO"
"17860",,"Metro","Columbia, MO"
"17900","192","Metro","Columbia, SC"
"17940","400","Micro","Columbia, TN"
"17980","194","Metro","Columbus, GA-AL"
"18020","294","Metro","Columbus, IN"
"18060","200","Micro","Columbus, MS"
"18100",,"Micro","Columbus, NE"
"18140","198","Metro","Columbus, OH"
"18180","148","Micro","Concord, NH"
"18220",,"Micro","Connersville, IN"
"18260",,"Micro","Cookeville, TN"
"18300",,"Micro","Coos Bay, OR"
"18340","202","Micro","Corbin, KY"
"18380",,"Micro","Cordele, GA"
"18420",,"Micro","Corinth, MS"
"18460",,"Micro","Cornelia, GA"
"18500",,"Micro","Corning, NY"
"18580","204","Metro","Corpus Christi, TX"
"18620",,"Micro","Corsicana, TX"
"18660","296","Micro","Cortland, NY"
"18700","102","Metro","Corvallis, OR"
"18740",,"Micro","Coshocton, OH"
"18820","294","Micro","Crawfordsville, IN"
"18860",,"Micro","Crescent City, CA"
"18880",,"Metro","Crestview-Fort Walton Beach-Destin, FL"
"18900",,"Micro","Crossville, TN"
"18940","318","Micro","Crowley, LA"
"18980","142","Micro","Cullman, AL"
"19020","548","Micro","Culpeper, VA"
"19060",,"Metro","Cumberland, MD-WV"
"19100","206","Metro","Dallas-Fort Worth-Arlington, TX"
"19124",,"Div","Dallas-Plano-Irving, TX"
"19140",,"Metro","Dalton, GA"
"19180",,"Metro","Danville, IL"
"19220",,"Micro","Danville, KY"
"19260",,"Metro","Danville, VA"
"19300","380","Micro","Daphne-Fairhope-Foley, AL"
"19340",,"Metro","Davenport-Moline-Rock Island, IA-IL"
"19380","212","Metro","Dayton, OH"
"19460","290","Metro","Decatur, AL"
"19500",,"Metro","Decatur, IL"
"19540","258","Micro","Decatur, IN"
"19580",,"Micro","Defiance, OH"
"19620",,"Micro","Del Rio, TX"
"19660","422","Metro","Deltona-Daytona Beach-Ormond Beach, FL"
"19700",,"Micro","Deming, NM"
"19740","216","Metro","Denver-Aurora-Broomfield, CO"
"19760","256","Micro","DeRidder, LA"
"19780","218","Metro","Des Moines-West Des Moines, IA"
"19804",,"Div","Detroit-Livonia-Dearborn, MI"
"19820","220","Metro","Detroit-Warren-Livonia, MI"
"19860",,"Micro","Dickinson, ND"
"19900",,"Micro","Dillon, SC"
"19940",,"Micro","Dixon, IL"
"19980",,"Micro","Dodge City, KS"
"20020","222","Metro","Dothan, AL"
"20060",,"Micro","Douglas, GA"
"20100",,"Metro","Dover, DE"
"20140",,"Micro","Dublin, GA"
"20180",,"Micro","DuBois, PA"
"20220",,"Metro","Dubuque, IA"
"20260",,"Metro","Duluth, MN-WI"
"20300",,"Micro","Dumas, TX"
"20340",,"Micro","Duncan, OK"
"20380","450","Micro","Dunn, NC"
"20420",,"Micro","Durango, CO"
"20460",,"Micro","Durant, OK"
"20500","450","Metro","Durham-Chapel Hill, NC"
"20540",,"Micro","Dyersburg, TN"
"20580",,"Micro","Eagle Pass, TX"
"20620","566","Micro","East Liverpool-Salem, OH"
"20660",,"Micro","Easton, MD"
"20700",,"Micro","East Stroudsburg, PA"
"20740","232","Metro","Eau Claire, WI"
"20764",,"Div","Edison-New Brunswick, NJ"
"20780",,"Micro","Edwards, CO"
"20820",,"Micro","Effingham, IL"
"20900",,"Micro","El Campo, TX"
"20940",,"Metro","El Centro, CA"
"20980",,"Micro","El Dorado, AR"
"21020",,"Micro","Elizabeth City, NC"
"21060","350","Metro","Elizabethtown, KY"
"21120",,"Micro","Elk City, OK"
"21140","515","Metro","Elkhart-Goshen, IN"
"21220",,"Micro","Elko, NV"
"21260",,"Micro","Ellensburg, WA"
"21300",,"Metro","Elmira, NY"
"21340",,"Metro","El Paso, TX"
"21380",,"Micro","Emporia, KS"
"21420",,"Micro","Enid, OK"
"21460","222","Micro","Enterprise-Ozark, AL"
"21500",,"Metro","Erie, PA"
"21540",,"Micro","Escanaba, MI"
"21580","492","Micro","Espanola, NM"
"21640",,"Micro","Eufaula, AL-GA"
"21660",,"Metro","Eugene-Springfield, OR"
"21700",,"Micro","Eureka-Arcata-Fortuna, CA"
"21740",,"Micro","Evanston, WY"
"21780",,"Metro","Evansville, IN-KY"
"21820",,"Metro","Fairbanks, AK"
"21860",,"Micro","Fairmont, MN"
"21900","242","Micro","Fairmont, WV"
"21940","490","Metro","Fajardo, PR"
"21980",,"Micro","Fallon, NV"
"22020","244","Metro","Fargo, ND-MN"
"22060","378","Micro","Faribault-Northfield, MN"
"22100","476","Micro","Farmington, MO"
"22140",,"Metro","Farmington, NM"
"22180",,"Metro","Fayetteville, NC"
"22220",,"Metro","Fayetteville-Springdale-Rogers, AR-MO"
"22260",,"Micro","Fergus Falls, MN"
"22280","456","Micro","Fernley, NV"
"22300","248","Micro","Findlay, OH"
"22340",,"Micro","Fitzgerald, GA"
"22380",,"Metro","Flagstaff, AZ"
"22420","220","Metro","Flint, MI"
"22500",,"Metro","Florence, SC"
"22520",,"Metro","Florence-Muscle Shoals, AL"
"22540","252","Metro","Fond du Lac, WI"
"22580",,"Micro","Forest City, NC"
"22620",,"Micro","Forrest City, AR"
"22660",,"Metro","Fort Collins-Loveland, CO"
"22700",,"Micro","Fort Dodge, IA"
"22744",,"Div","Fort Lauderdale-Pompano Beach-Deerfield Beach, FL"
"22780",,"Micro","Fort Leonard Wood, MO"
"22800",,"Micro","Fort Madison-Keokuk, IA-MO"
"22820",,"Micro","Fort Morgan, CO"
"22840",,"Micro","Fort Payne, AL"
"22860","256","Micro","Fort Polk South, LA"
"22900",,"Metro","Fort Smith, AR-OK"
"22980","356","Micro","Fort Valley, GA"
"23060","258","Metro","Fort Wayne, IN"
"23104",,"Div","Fort Worth-Arlington, TX"
"23140","320","Micro","Frankfort, IN"
"23180","336","Micro","Frankfort, KY"
"23240",,"Micro","Fredericksburg, TX"
"23300","466","Micro","Freeport, IL"
"23340","420","Micro","Fremont, NE"
"23380","534","Micro","Fremont, OH"
"23420","260","Metro","Fresno, CA"
"23460",,"Metro","Gadsden, AL"
"23500","273","Micro","Gaffney, SC"
"23540",,"Metro","Gainesville, FL"
"23580","122","Metro","Gainesville, GA"
"23620","206","Micro","Gainesville, TX"
"23660",,"Micro","Galesburg, IL"
"23700",,"Micro","Gallup, NM"
"23780",,"Micro","Garden City, KS"
"23820","472","Micro","Gardnerville Ranchos, NV"
"23844",,"Div","Gary, IN"
"23860","396","Micro","Georgetown, SC"
"23900","564","Micro","Gettysburg, PA"
"23940",,"Micro","Gillette, WY"
"23980",,"Micro","Glasgow, KY"
"24020","104","Metro","Glens Falls, NY"
"24100","104","Micro","Gloversville, NY"
"24140",,"Metro","Goldsboro, NC"
"24180","206","Micro","Granbury, TX"
"24220",,"Metro","Grand Forks, ND-MN"
"24260",,"Micro","Grand Island, NE"
"24300",,"Metro","Grand Junction, CO"
"24340","266","Metro","Grand Rapids-Wyoming, MI"
"24380",,"Micro","Grants, NM"
"24420",,"Micro","Grants Pass, OR"
"24460",,"Micro","Great Bend, KS"
"24500",,"Metro","Great Falls, MT"
"24540","216","Metro","Greeley, CO"
"24580",,"Metro","Green Bay, WI"
"24620",,"Micro","Greeneville, TN"
"24660","268","Metro","Greensboro-High Point, NC"
"24700",,"Micro","Greensburg, IN"
"24740",,"Micro","Greenville, MS"
"24780",,"Metro","Greenville, NC"
"24820","212","Micro","Greenville, OH"
"24860","273","Metro","Greenville-Mauldin-Easley, SC"
"24900",,"Micro","Greenwood, MS"
"24940",,"Micro","Greenwood, SC"
"24980",,"Micro","Grenada, MS"
"25020",,"Metro","Guayama, PR"
"25060","274","Metro","Gulfport-Biloxi, MS"
"25100",,"Micro","Guymon, OK"
"25180",,"Metro","Hagerstown-Martinsburg, MD-WV"
"25220",,"Micro","Hammond, LA"
"25260",,"Metro","Hanford-Corcoran, CA"
"25300",,"Micro","Hannibal, MO"
"25340","314","Micro","Harriman, TN"
"25380",,"Micro","Harrisburg, IL"
"25420","276","Metro","Harrisburg-Carlisle, PA"
"25460",,"Micro","Harrison, AR"
"25500",,"Metro","Harrisonburg, VA"
"25540","278","Metro","Hartford-West Hartford-East Hartford, CT"
"25580",,"Micro","Hastings, NE"
"25620",,"Metro","Hattiesburg, MS"
"25660",,"Micro","Havre, MT"
"25700",,"Micro","Hays, KS"
"25720","482","Micro","Heber, UT"
"25740",,"Micro","Helena, MT"
"25760",,"Micro","Helena-West Helena, AR"
"25780",,"Micro","Henderson, NC"
"25820",,"Micro","Hereford, TX"
"25860",,"Metro","Hickory-Lenoir-Morganton, NC"
"25900",,"Micro","Hilo, HI"
"25940",,"Micro","Hilton Head Island-Beaufort, SC"
"25980","496","Metro","Hinesville-Fort Stewart, GA"
"26020",,"Micro","Hobbs, NM"
"26100","266","Metro","Holland-Grand Haven, MI"
"26140",,"Micro","Homosassa Springs, FL"
"26180",,"Metro","Honolulu, HI"
"26220",,"Micro","Hood River, OR"
"26260",,"Micro","Hope, AR"
"26300",,"Metro","Hot Springs, AR"
"26340",,"Micro","Houghton, MI"
"26380",,"Metro","Houma-Bayou Cane-Thibodaux, LA"
"26420","288","Metro","Houston-Sugar Land-Baytown, TX"
"26460","104","Micro","Hudson, NY"
"26480","297","Micro","Humboldt, TN"
"26500",,"Micro","Huntingdon, PA"
"26540","258","Micro","Huntington, IN"
"26580",,"Metro","Huntington-Ashland, WV-KY-OH"
"26620","290","Metro","Huntsville, AL"
"26660","288","Micro","Huntsville, TX"
"26700",,"Micro","Huron, SD"
"26740",,"Micro","Hutchinson, KS"
"26780","378","Micro","Hutchinson, MN"
"26820","292","Metro","Idaho Falls, ID"
"26860",,"Micro","Indiana, PA"
"26900","294","Metro","Indianapolis-Carmel, IN"
"26940",,"Micro","Indianola, MS"
"26980",,"Metro","Iowa City, IA"
"27020",,"Micro","Iron Mountain, MI-WI"
"27060","296","Metro","Ithaca, NY"
"27100",,"Metro","Jackson, MI"
"27140","298","Metro","Jackson, MS"
"27180","297","Metro","Jackson, TN"
"27220",,"Micro","Jackson, WY-ID"
"27260",,"Metro","Jacksonville, FL"
"27300",,"Micro","Jacksonville, IL"
"27340",,"Metro","Jacksonville, NC"
"27380","540","Micro","Jacksonville, TX"
"27420",,"Micro","Jamestown, ND"
"27460",,"Micro","Jamestown-Dunkirk-Fredonia, NY"
"27500",,"Metro","Janesville, WI"
"27540",,"Micro","Jasper, IN"
"27580",,"Micro","Jayuya, PR"
"27620",,"Metro","Jefferson City, MO"
"27660","324","Micro","Jennings, LA"
"27700",,"Micro","Jesup, GA"
"27740","304","Metro","Johnson City, TN"
"27780",,"Metro","Johnstown, PA"
"27860","308","Metro","Jonesboro, AR"
"27900",,"Metro","Joplin, MO"
"27940",,"Micro","Juneau, AK"
"27980",,"Micro","Kahului-Wailuku, HI"
"28020",,"Metro","Kalamazoo-Portage, MI"
"28060",,"Micro","Kalispell, MT"
"28100","176","Metro","Kankakee-Bradley, IL"
"28140","312","Metro","Kansas City, MO-KS"
"28180",,"Micro","Kapaa, HI"
"28260",,"Micro","Kearney, NE"
"28300",,"Micro","Keene, NH"
"28340","258","Micro","Kendallville, IN"
"28380",,"Micro","Kennett, MO"
"28420",,"Metro","Kennewick-Pasco-Richland, WA"
"28500",,"Micro","Kerrville, TX"
"28540",,"Micro","Ketchikan, AK"
"28580",,"Micro","Key West, FL"
"28620",,"Micro","Kill Devil Hills, NC"
"28660",,"Metro","Killeen-Temple-Fort Hood, TX"
"28700","304","Metro","Kingsport-Bristol-Bristol, TN-VA"
"28740","408","Metro","Kingston, NY"
"28780","204","Micro","Kingsville, TX"
"28820",,"Micro","Kinston, NC"
"28860",,"Micro","Kirksville, MO"
"28900",,"Micro","Klamath Falls, OR"
"28940","314","Metro","Knoxville, TN"
"28980",,"Micro","Kodiak, AK"
"29020","316","Metro","Kokomo, IN"
"29060","148","Micro","Laconia, NH"
"29100",,"Metro","La Crosse, WI-MN"
"29140","320","Metro","Lafayette, IN"
"29180","318","Metro","Lafayette, LA"
"29220","314","Micro","La Follette, TN"
"29260",,"Micro","La Grande, OR"
"29300","122","Micro","LaGrange, GA"
"29340","324","Metro","Lake Charles, LA"
"29380",,"Micro","Lake City, FL"
"29404",,"Div","Lake County-Kenosha County, IL-WI"
"29420",,"Metro","Lake Havasu City-Kingman, AZ"
"29460",,"Metro","Lakeland-Winter Haven, FL"
"29500",,"Micro","Lamesa, TX"
"29540",,"Metro","Lancaster, PA"
"29580","172","Micro","Lancaster, SC"
"29620","330","Metro","Lansing-East Lansing, MI"
"29660",,"Micro","Laramie, WY"
"29700",,"Metro","Laredo, TX"
"29740",,"Metro","Las Cruces, NM"
"29780",,"Micro","Las Vegas, NM"
"29820","332","Metro","Las Vegas-Paradise, NV"
"29860",,"Micro","Laurel, MS"
"29900","354","Micro","Laurinburg, NC"
"29940",,"Metro","Lawrence, KS"
"29980",,"Micro","Lawrenceburg, TN"
"30020",,"Metro","Lawton, OK"
"30060",,"Micro","Lebanon, MO"
"30100","180","Micro","Lebanon, NH-VT"
"30140","276","Metro","Lebanon, PA"
"30220","352","Micro","Levelland, TX"
"30260","526","Micro","Lewisburg, PA"
"30280",,"Micro","Lewisburg, TN"
"30300",,"Metro","Lewiston, ID-WA"
"30340","438","Metro","Lewiston-Auburn, ME"
"30380",,"Micro","Lewistown, PA"
"30420",,"Micro","Lexington, NE"
"30460","336","Metro","Lexington-Fayette, KY"
"30500","548","Micro","Lexington Park, MD"
"30580",,"Micro","Liberal, KS"
"30620","338","Metro","Lima, OH"
"30660",,"Micro","Lincoln, IL"
"30700",,"Metro","Lincoln, NE"
"30740","172","Micro","Lincolnton, NC"
"30780","340","Metro","Little Rock-North Little Rock-Conway, AR"
"30820","558","Micro","Lock Haven, PA"
"30860",,"Metro","Logan, UT-ID"
"30900",,"Micro","Logansport, IN"
"30940","202","Micro","London, KY"
"30980","346","Metro","Longview, TX"
"31020",,"Metro","Longview, WA"
"31060",,"Micro","Los Alamos, NM"
"31084",,"Div","Los Angeles-Long Beach-Glendale, CA"
"31100","348","Metro","Los Angeles-Long Beach-Santa Ana, CA"
"31140","350","Metro","Louisville-Jefferson County, KY-IN"
"31180","352","Metro","Lubbock, TX"
"31260",,"Micro","Lufkin, TX"
"31300","354","Micro","Lumberton, NC"
"31340",,"Metro","Lynchburg, VA"
"31380",,"Micro","Macomb, IL"
"31420","356","Metro","Macon, GA"
"31460","260","Metro","Madera-Chowchilla, CA"
"31500",,"Micro","Madison, IN"
"31540","358","Metro","Madison, WI"
"31580",,"Micro","Madisonville, KY"
"31620",,"Micro","Magnolia, AR"
"31660",,"Micro","Malone, NY"
"31700","148","Metro","Manchester-Nashua, NH"
"31740",,"Metro","Manhattan, KS"
"31820",,"Micro","Manitowoc, WI"
"31860",,"Metro","Mankato-North Mankato, MN"
"31900","360","Metro","Mansfield, OH"
"31920","126","Micro","Marble Falls, TX"
"31940",,"Micro","Marinette, WI-MI"
"31980",,"Micro","Marion, IN"
"32020","198","Micro","Marion, OH"
"32060","166","Micro","Marion-Herrin, IL"
"32100",,"Micro","Marquette, MI"
"32140",,"Micro","Marshall, MN"
"32180",,"Micro","Marshall, MO"
"32220","346","Micro","Marshall, TX"
"32260",,"Micro","Marshalltown, IA"
"32270",,"Micro","Marshfield-Wisconsin Rapids, WI"
"32280","542","Micro","Martin, TN"
"32300",,"Micro","Martinsville, VA"
"32340",,"Micro","Maryville, MO"
"32380",,"Micro","Mason City, IA"
"32420","364","Metro","Mayaguez, PR"
"32460","424","Micro","Mayfield, KY"
"32500",,"Micro","Maysville, KY"
"32540",,"Micro","McAlester, OK"
"32580",,"Metro","McAllen-Edinburg-Mission, TX"
"32620",,"Micro","McComb, MS"
"32660",,"Micro","McMinnville, TN"
"32700",,"Micro","McPherson, KS"
"32740",,"Micro","Meadville, PA"
"32780",,"Metro","Medford, OR"
"32820",,"Metro","Memphis, TN-MS-AR"
"32860","232","Micro","Menomonie, WI"
"32900",,"Metro","Merced, CA"
"32940",,"Micro","Meridian, MS"
"32980","554","Micro","Merrill, WI"
"33020",,"Micro","Mexico, MO"
"33060",,"Micro","Miami, OK"
"33100",,"Metro","Miami-Fort Lauderdale-Pompano Beach, FL"
"33124",,"Div","Miami-Miami Beach-Kendall, FL"
"33140","176","Metro","Michigan City-La Porte, IN"
"33180",,"Micro","Middlesborough, KY"
"33220",,"Micro","Midland, MI"
"33260","372","Metro","Midland, TX"
"33300",,"Micro","Milledgeville, GA"
"33340","376","Metro","Milwaukee-Waukesha-West Allis, WI"
"33380","508","Micro","Minden, LA"
"33420","206","Micro","Mineral Wells, TX"
"33460","378","Metro","Minneapolis-St. Paul-Bloomington, MN-WI"
"33500",,"Micro","Minot, ND"
"33540",,"Metro","Missoula, MT"
"33580",,"Micro","Mitchell, SD"
"33620",,"Micro","Moberly, MO"
"33660","380","Metro","Mobile, AL"
"33700",,"Metro","Modesto, CA"
"33740","384","Metro","Monroe, LA"
"33780","220","Metro","Monroe, MI"
"33820",,"Micro","Monroe, WI"
"33860","388","Metro","Montgomery, AL"
"33940",,"Micro","Montrose, CO"
"33980",,"Micro","Morehead City, NC"
"34020",,"Micro","Morgan City, LA"
"34060",,"Metro","Morgantown, WV"
"34100","314","Metro","Morristown, TN"
"34140",,"Micro","Moscow, ID"
"34180",,"Micro","Moses Lake, WA"
"34220",,"Micro","Moultrie, GA"
"34260",,"Micro","Mountain Home, AR"
"34300",,"Micro","Mountain Home, ID"
"34340","268","Micro","Mount Airy, NC"
"34380",,"Micro","Mount Pleasant, MI"
"34420",,"Micro","Mount Pleasant, TX"
"34460","336","Micro","Mount Sterling, KY"
"34500",,"Micro","Mount Vernon, IL"
"34540","198","Micro","Mount Vernon, OH"
"34580","500","Metro","Mount Vernon-Anacortes, WA"
"34620",,"Metro","Muncie, IN"
"34660",,"Micro","Murray, KY"
"34700",,"Micro","Muscatine, IA"
"34740","266","Metro","Muskegon-Norton Shores, MI"
"34780",,"Micro","Muskogee, OK"
"34820","396","Metro","Myrtle Beach-North Myrtle Beach-Conway, SC"
"34860",,"Micro","Nacogdoches, TX"
"34900","488","Metro","Napa, CA"
"34940",,"Metro","Naples-Marco Island, FL"
"34980","400","Metro","Nashville-Davidson--Murfreesboro--Franklin, TN"
"35004",,"Div","Nassau-Suffolk, NY"
"35020",,"Micro","Natchez, MS-LA"
"35060",,"Micro","Natchitoches, LA"
"35084",,"Div","Newark-Union, NJ-PA"
"35100",,"Micro","New Bern, NC"
"35140","192","Micro","Newberry, SC"
"35220","294","Micro","New Castle, IN"
"35260","430","Micro","New Castle, PA"
"35300","408","Metro","New Haven-Milford, CT"
"35340","318","Micro","New Iberia, LA"
"35380","406","Metro","New Orleans-Metairie-Kenner, LA"
"35420",,"Micro","New Philadelphia-Dover, OH"
"35460","314","Micro","Newport, TN"
"35500","218","Micro","Newton, IA"
"35580",,"Micro","New Ulm, MN"
"35620","408","Metro","New York-Northern New Jersey-Long Island, NY-NJ-PA"
"35644","408","Div","New York-White Plains-Wayne, NY-NJ"
"35660",,"Metro","Niles-Benton Harbor, MI"
"35700",,"Micro","Nogales, AZ"
"35740",,"Micro","Norfolk, NE"
"35820",,"Micro","North Platte, NE"
"35840","494","Metro","North Port-Bradenton-Sarasota, FL"
"35860","294","Micro","North Vernon, IN"
"35900",,"Micro","North Wilkesboro, NC"
"35940",,"Micro","Norwalk, OH"
"35980",,"Metro","Norwich-New London, CT"
"36020","500","Micro","Oak Harbor, WA"
"36060","138","Micro","Oak Hill, WV"
"36084",,"Div","Oakland-Fremont-Hayward, CA"
"36100",,"Metro","Ocala, FL"
"36140",,"Metro","Ocean City, NJ"
"36180","480","Micro","Ocean Pines, MD"
"36220","372","Metro","Odessa, TX"
"36260","482","Metro","Ogden-Clearfield, UT"
"36300",,"Micro","Ogdensburg-Massena, NY"
"36340",,"Micro","Oil City, PA"
"36380",,"Micro","Okeechobee, FL"
"36420","416","Metro","Oklahoma City, OK"
"36460","160","Micro","Olean, NY"
"36500","500","Metro","Olympia, WA"
"36540","420","Metro","Omaha-Council Bluffs, NE-IA"
"36580",,"Micro","Oneonta, NY"
"36620",,"Micro","Ontario, OR-ID"
"36660","318","Micro","Opelousas-Eunice, LA"
"36700",,"Micro","Orangeburg, SC"
"36740","422","Metro","Orlando-Kissimmee-Sanford, FL"
"36780","118","Metro","Oshkosh-Neenah, WI"
"36820",,"Micro","Oskaloosa, IA"
"36860",,"Micro","Ottawa-Streator, IL"
"36900",,"Micro","Ottumwa, IA"
"36940",,"Micro","Owatonna, MN"
"36980",,"Metro","Owensboro, KY"
"37020","330","Micro","Owosso, MI"
"37060",,"Micro","Oxford, MS"
"37100","348","Metro","Oxnard-Thousand Oaks-Ventura, CA"
"37140","424","Micro","Paducah, KY-IL"
"37220","332","Micro","Pahrump, NV"
"37260",,"Micro","Palatka, FL"
"37300",,"Micro","Palestine, TX"
"37340",,"Metro","Palm Bay-Melbourne-Titusville, FL"
"37380","422","Metro","Palm Coast, FL"
"37420",,"Micro","Pampa, TX"
"37460",,"Metro","Panama City-Lynn Haven-Panama City Beach, FL"
"37500","308","Micro","Paragould, AR"
"37540",,"Micro","Paris, TN"
"37580",,"Micro","Paris, TX"
"37620",,"Metro","Parkersburg-Marietta-Vienna, WV-OH"
"37660",,"Micro","Parsons, KS"
"37700","274","Metro","Pascagoula, MS"
"37740",,"Micro","Payson, AZ"
"37764",,"Div","Peabody, MA"
"37780",,"Micro","Pecos, TX"
"37800","218","Micro","Pella, IA"
"37820",,"Micro","Pendleton-Hermiston, OR"
"37860",,"Metro","Pensacola-Ferry Pass-Brent, FL"
"37900","426","Metro","Peoria, IL"
"37940","316","Micro","Peru, IN"
"37964",,"Div","Philadelphia, PA"
"37980","428","Metro","Philadelphia-Camden-Wilmington, PA-NJ-DE-MD"
"38020",,"Micro","Phoenix Lake-Cedar Ridge, CA"
"38060",,"Metro","Phoenix-Mesa-Glendale, AZ"
"38100",,"Micro","Picayune, MS"
"38180",,"Micro","Pierre, SD"
"38200","132","Micro","Pierre Part, LA"
"38220","340","Metro","Pine Bluff, AR"
"38260",,"Micro","Pittsburg, KS"
"38300","430","Metro","Pittsburgh, PA"
"38340",,"Metro","Pittsfield, MA"
"38380",,"Micro","Plainview, TX"
"38420",,"Micro","Platteville, WI"
"38460",,"Micro","Plattsburgh, NY"
"38500","515","Micro","Plymouth, IN"
"38540",,"Metro","Pocatello, ID"
"38580",,"Micro","Point Pleasant, WV-OH"
"38620",,"Micro","Ponca City, OK"
"38660","434","Metro","Ponce, PR"
"38700",,"Micro","Pontiac, IL"
"38740",,"Micro","Poplar Bluff, MO"
"38780","188","Micro","Portales, NM"
"38820",,"Micro","Port Angeles, WA"
"38860","438","Metro","Portland-South Portland-Biddeford, ME"
"38900",,"Metro","Portland-Vancouver-Hillsboro, OR-WA"
"38940","442","Metro","Port St. Lucie, FL"
"39020",,"Micro","Portsmouth, OH"
"39060",,"Micro","Pottsville, PA"
"39100","408","Metro","Poughkeepsie-Newburgh-Middletown, NY"
"39140",,"Metro","Prescott, AZ"
"39220",,"Micro","Price, UT"
"39260","140","Micro","Prineville, OR"
"39300","148","Metro","Providence-New Bedford-Fall River, RI-MA"
"39340",,"Metro","Provo-Orem, UT"
"39380",,"Metro","Pueblo, CO"
"39420",,"Micro","Pullman, WA"
"39460","494","Metro","Punta Gorda, FL"
"39500",,"Micro","Quincy, IL-MO"
"39540","376","Metro","Racine, WI"
"39580","450","Metro","Raleigh-Cary, NC"
"39660",,"Metro","Rapid City, SD"
"39700","154","Micro","Raymondville, TX"
"39740","428","Metro","Reading, PA"
"39780",,"Micro","Red Bluff, CA"
"39820",,"Metro","Redding, CA"
"39860","378","Micro","Red Wing, MN"
"39900","456","Metro","Reno-Sparks, NV"
"39940",,"Micro","Rexburg, ID"
"39980",,"Micro","Richmond, IN"
"40060",,"Metro","Richmond, VA"
"40080","336","Micro","Richmond-Berea, KY"
"40100",,"Micro","Rio Grande City-Roma, TX"
"40140","348","Metro","Riverside-San Bernardino-Ontario, CA"
"40180",,"Micro","Riverton, WY"
"40220",,"Metro","Roanoke, VA"
"40260",,"Micro","Roanoke Rapids, NC"
"40300","466","Micro","Rochelle, IL"
"40340",,"Metro","Rochester, MN"
"40380","464","Metro","Rochester, NY"
"40420","466","Metro","Rockford, IL"
"40460",,"Micro","Rockingham, NC"
"40484",,"Div","Rockingham County-Strafford County, NH"
"40500",,"Micro","Rockland, ME"
"40540",,"Micro","Rock Springs, WY"
"40580",,"Metro","Rocky Mount, NC"
"40620",,"Micro","Rolla, MO"
"40660",,"Metro","Rome, GA"
"40700",,"Micro","Roseburg, OR"
"40740",,"Micro","Roswell, NM"
"40760",,"Micro","Ruidoso, NM"
"40780",,"Micro","Russellville, AR"
"40820",,"Micro","Ruston, LA"
"40860",,"Micro","Rutland, VT"
"40900","472","Metro","Sacramento--Arden-Arcade--Roseville, CA"
"40940",,"Micro","Safford, AZ"
"40980","474","Metro","Saginaw-Saginaw Township North, MI"
"41060","378","Metro","St. Cloud, MN"
"41100",,"Metro","St. George, UT"
"41140",,"Metro","St. Joseph, MO-KS"
"41180","476","Metro","St. Louis, MO-IL"
"41220",,"Micro","St. Marys, GA"
"41260",,"Micro","St. Marys, PA"
"41420",,"Metro","Salem, OR"
"41460",,"Micro","Salina, KS"
"41500",,"Metro","Salinas, CA"
"41540","480","Metro","Salisbury, MD"
"41580","172","Micro","Salisbury, NC"
"41620","482","Metro","Salt Lake City, UT"
"41660",,"Metro","San Angelo, TX"
"41700",,"Metro","San Antonio-New Braunfels, TX"
"41740",,"Metro","San Diego-Carlsbad-San Marcos, CA"
"41780",,"Metro","Sandusky, OH"
"41820",,"Micro","Sanford, NC"
"41860","488","Metro","San Francisco-Oakland-Fremont, CA"
"41884",,"Div","San Francisco-San Mateo-Redwood City, CA"
"41900","364","Metro","San German-Cabo Rojo, PR"
"41940","488","Metro","San Jose-Sunnyvale-Santa Clara, CA"
"41980","490","Metro","San Juan-Caguas-Guaynabo, PR"
"42020",,"Metro","San Luis Obispo-Paso Robles, CA"
"42044",,"Div","Santa Ana-Anaheim-Irvine, CA"
"42060",,"Metro","Santa Barbara-Santa Maria-Goleta, CA"
"42100","488","Metro","Santa Cruz-Watsonville, CA"
"42140","492","Metro","Santa Fe, NM"
"42180","434","Micro","Santa Isabel, PR"
"42220","488","Metro","Santa Rosa-Petaluma, CA"
"42300",,"Micro","Sault Ste. Marie, MI"
"42340","496","Metro","Savannah, GA"
"42380",,"Micro","Sayre, PA"
"42420",,"Micro","Scottsbluff, NE"
"42460",,"Micro","Scottsboro, AL"
"42500","350","Micro","Scottsburg, IN"
"42540",,"Metro","Scranton--Wilkes-Barre, PA"
"42580",,"Micro","Seaford, DE"
"42620","340","Micro","Searcy, AR"
"42644",,"Div","Seattle-Bellevue-Everett, WA"
"42660","500","Metro","Seattle-Tacoma-Bellevue, WA"
"42680","442","Metro","Sebastian-Vero Beach, FL"
"42700",,"Micro","Sebring, FL"
"42740",,"Micro","Sedalia, MO"
"42780","526","Micro","Selinsgrove, PA"
"42820",,"Micro","Selma, AL"
"42860","273","Micro","Seneca, SC"
"42900","464","Micro","Seneca Falls, NY"
"42940","314","Micro","Sevierville, TN"
"42980",,"Micro","Seymour, IN"
"43060","416","Micro","Shawnee, OK"
"43100",,"Metro","Sheboygan, WI"
"43140","172","Micro","Shelby, NC"
"43180",,"Micro","Shelbyville, TN"
"43220","500","Micro","Shelton, WA"
"43260",,"Micro","Sheridan, WY"
"43300","206","Metro","Sherman-Denison, TX"
"43320",,"Micro","Show Low, AZ"
"43340","508","Metro","Shreveport-Bossier City, LA"
"43380",,"Micro","Sidney, OH"
"43420",,"Micro","Sierra Vista-Douglas, AZ"
"43460","164","Micro","Sikeston, MO"
"43500",,"Micro","Silver City, NM"
"43540",,"Micro","Silverthorne, CO"
"43580","512","Metro","Sioux City, IA-NE-SD"
"43620",,"Metro","Sioux Falls, SD"
"43660",,"Micro","Snyder, TX"
"43700",,"Micro","Somerset, KY"
"43740",,"Micro","Somerset, PA"
"43780","515","Metro","South Bend-Mishawaka, IN-MI"
"43860",,"Micro","Southern Pines-Pinehurst, NC"
"43900","273","Metro","Spartanburg, SC"
"43940",,"Micro","Spearfish, SD"
"43980",,"Micro","Spencer, IA"
"44020",,"Micro","Spirit Lake, IA"
"44060",,"Metro","Spokane, WA"
"44100",,"Metro","Springfield, IL"
"44140",,"Metro","Springfield, MA"
"44180",,"Metro","Springfield, MO"
"44220","212","Metro","Springfield, OH"
"44260",,"Micro","Starkville, MS"
"44300",,"Metro","State College, PA"
"44340",,"Micro","Statesboro, GA"
"44380","172","Micro","Statesville-Mooresville, NC"
"44420",,"Micro","Staunton-Waynesboro, VA"
"44500",,"Micro","Stephenville, TX"
"44540",,"Micro","Sterling, CO"
"44580",,"Micro","Sterling, IL"
"44600",,"Metro","Steubenville-Weirton, OH-WV"
"44620",,"Micro","Stevens Point, WI"
"44660",,"Micro","Stillwater, OK"
"44700",,"Metro","Stockton, CA"
"44740",,"Micro","Storm Lake, IA"
"44780",,"Micro","Sturgis, MI"
"44860",,"Micro","Sulphur Springs, TX"
"44900",,"Micro","Summerville, GA"
"44940",,"Metro","Sumter, SC"
"44980","526","Micro","Sunbury, PA"
"45000",,"Micro","Susanville, CA"
"45020",,"Micro","Sweetwater, TX"
"45060","532","Metro","Syracuse, NY"
"45104",,"Div","Tacoma, WA"
"45140",,"Micro","Tahlequah, OK"
"45180",,"Micro","Talladega-Sylacauga, AL"
"45220",,"Metro","Tallahassee, FL"
"45260",,"Micro","Tallulah, LA"
"45300",,"Metro","Tampa-St. Petersburg-Clearwater, FL"
"45340",,"Micro","Taos, NM"
"45380",,"Micro","Taylorville, IL"
"45460",,"Metro","Terre Haute, IN"
"45500",,"Metro","Texarkana, TX-Texarkana, AR"
"45520",,"Micro","The Dalles, OR"
"45540","422","Micro","The Villages, FL"
"45580","122","Micro","Thomaston, GA"
"45620",,"Micro","Thomasville, GA"
"45640","268","Micro","Thomasville-Lexington, NC"
"45660","248","Micro","Tiffin, OH"
"45700",,"Micro","Tifton, GA"
"45740",,"Micro","Toccoa, GA"
"45780","534","Metro","Toledo, OH"
"45820",,"Metro","Topeka, KS"
"45860","408","Micro","Torrington, CT"
"45900",,"Micro","Traverse City, MI"
"45940","408","Metro","Trenton-Ewing, NJ"
"45980",,"Micro","Troy, AL"
"46020","472","Micro","Truckee-Grass Valley, CA"
"46060",,"Metro","Tucson, AZ"
"46100",,"Micro","Tullahoma, TN"
"46140","538","Metro","Tulsa, OK"
"46180",,"Micro","Tupelo, MS"
"46220",,"Metro","Tuscaloosa, AL"
"46260","194","Micro","Tuskegee, AL"
"46300",,"Micro","Twin Falls, ID"
"46340","540","Metro","Tyler, TX"
"46380",,"Micro","Ukiah, CA"
"46420","273","Micro","Union, SC"
"46460","542","Micro","Union City, TN-KY"
"46500","212","Micro","Urbana, OH"
"46540",,"Metro","Utica-Rome, NY"
"46580","490","Micro","Utuado, PR"
"46620",,"Micro","Uvalde, TX"
"46660",,"Metro","Valdosta, GA"
"46700","488","Metro","Vallejo-Fairfield, CA"
"46740","122","Micro","Valley, AL"
"46780","338","Micro","Van Wert, OH"
"46820","512","Micro","Vermillion, SD"
"46860",,"Micro","Vernal, UT"
"46900",,"Micro","Vernon, TX"
"46980",,"Micro","Vicksburg, MS"
"47020",,"Metro","Victoria, TX"
"47080",,"Micro","Vidalia, GA"
"47180",,"Micro","Vincennes, IN"
"47220","428","Metro","Vineland-Millville-Bridgeton, NJ"
"47260",,"Metro","Virginia Beach-Norfolk-Newport News, VA-NC"
"47300",,"Metro","Visalia-Porterville, CA"
"47340",,"Micro","Wabash, IN"
"47380",,"Metro","Waco, TX"
"47420","244","Micro","Wahpeton, ND-MN"
"47460",,"Micro","Walla Walla, WA"
"47500",,"Micro","Walterboro, SC"
"47540","338","Micro","Wapakoneta, OH"
"47580","356","Metro","Warner Robins, GA"
"47620",,"Micro","Warren, PA"
"47644",,"Div","Warren-Troy-Farmington Hills, MI"
"47660","312","Micro","Warrensburg, MO"
"47700",,"Micro","Warsaw, IN"
"47780",,"Micro","Washington, IN"
"47820",,"Micro","Washington, NC"
"47894",,"Div","Washington-Arlington-Alexandria, DC-VA-MD-WV"
"47900","548","Metro","Washington-Arlington-Alexandria, DC-VA-MD-WV"
"47920","198","Micro","Washington Court House, OH"
"47940",,"Metro","Waterloo-Cedar Falls, IA"
"47980",,"Micro","Watertown, SD"
"48020",,"Micro","Watertown-Fort Atkinson, WI"
"48060",,"Micro","Watertown-Fort Drum, NY"
"48100",,"Micro","Wauchula, FL"
"48140","554","Metro","Wausau, WI"
"48180",,"Micro","Waycross, GA"
"48220",,"Micro","Weatherford, OK"
"48300",,"Metro","Wenatchee-East Wenatchee, WA"
"48424",,"Div","West Palm Beach-Boca Raton-Boynton Beach, FL"
"48460",,"Micro","West Plains, MO"
"48500","200","Micro","West Point, MS"
"48540",,"Metro","Wheeling, WV-OH"
"48580",,"Micro","Whitewater, WI"
"48620","556","Metro","Wichita, KS"
"48660",,"Metro","Wichita Falls, TX"
"48700","558","Metro","Williamsport, PA"
"48740","278","Micro","Willimantic, CT"
"48780",,"Micro","Williston, ND"
"48820",,"Micro","Willmar, MN"
"48864",,"Div","Wilmington, DE-MD-NJ"
"48900",,"Metro","Wilmington, NC"
"48940","178","Micro","Wilmington, OH"
"48980",,"Micro","Wilson, NC"
"49020","548","Metro","Winchester, VA-WV"
"49060","556","Micro","Winfield, KS"
"49100",,"Micro","Winona, MN"
"49180","268","Metro","Winston-Salem, NC"
"49260",,"Micro","Woodward, OK"
"49300",,"Micro","Wooster, OH"
"49340","148","Metro","Worcester, MA"
"49380",,"Micro","Worthington, MN"
"49420",,"Metro","Yakima, WA"
"49460",,"Micro","Yankton, SD"
"49500","434","Metro","Yauco, PR"
"49540","298","Micro","Yazoo City, MS"
"49620","564","Metro","York-Hanover, PA"
"49660","566","Metro","Youngstown-Warren-Boardman, OH-PA"
"49700","472","Metro","Yuba City, CA"
"49740",,"Metro","Yuma, AZ"
"49780",,"Micro","Zanesville, OH"
